allele_id,Chromosome,Position,site_id,advantage,Pass_QC_Filtering
3486:57:+,NC_034174.1,7420416,NC_034174.1_7420416,assortative,TRUE
14314:132:+,NC_034174.1,26885031,NC_034174.1_26885031,assortative,TRUE
14725:109:+,NC_034174.1,27505208,NC_034174.1_27505208,assortative,TRUE
29418:94:-,NC_034174.1,52998546,NC_034174.1_52998546,assortative,TRUE
37606:96:-,NC_034175.1,6448056,NC_034175.1_6448056,assortative,TRUE
49768:18:-,NC_034175.1,30813681,NC_034175.1_30813681,assortative,TRUE
55201:139:+,NC_034175.1,40200699,NC_034175.1_40200699,assortative,TRUE
56622:196:+,NC_034175.1,42433613,NC_034175.1_42433613,disassortative,FALSE
77515:109:-,NC_034176.1,14369187,NC_034176.1_14369187,disassortative,TRUE
86906:13:-,NC_034176.1,29737412,NC_034176.1_29737412,assortative,TRUE
89964:48:-,NC_034176.1,34965778,NC_034176.1_34965778,assortative,TRUE
95427:72:-,NC_034176.1,44645185,NC_034176.1_44645185,disassortative,FALSE
111064:150:-,NC_034177.1,6531651,NC_034177.1_6531651,assortative,TRUE
112754:84:-,NC_034177.1,10104898,NC_034177.1_10104898,disassortative,TRUE
116509:65:-,NC_034177.1,16567176,NC_034177.1_16567176,disassortative,TRUE
125829:48:-,NC_034177.1,32991580,NC_034177.1_32991580,assortative,TRUE
131182:12:-,NC_034177.1,41568984,NC_034177.1_41568984,assortative,TRUE
148897:78:-,NC_034177.1,71687478,NC_034177.1_71687478,assortative,TRUE
165328:47:-,NC_034178.1,24144167,NC_034178.1_24144167,disassortative,TRUE
166842:130:+,NC_034178.1,26633123,NC_034178.1_26633123,disassortative,FALSE
169453:65:+,NC_034178.1,30849972,NC_034178.1_30849972,disassortative,TRUE
169906:105:+,NC_034178.1,31628714,NC_034178.1_31628714,assortative,TRUE
206738:224:+,NC_034179.1,31636761,NC_034179.1_31636761,disassortative,TRUE
231419:63:-,NC_034179.1,74926085,NC_034179.1_74926085,assortative,TRUE
234731:115:+,NC_034180.1,5081328,NC_034180.1_5081328,assortative,TRUE
234885:17:-,NC_034180.1,5340673,NC_034180.1_5340673,assortative,TRUE
240021:157:-,NC_034180.1,14783031,NC_034180.1_14783031,assortative,TRUE
240447:104:+,NC_034180.1,15326792,NC_034180.1_15326792,assortative,TRUE
242743:119:+,NC_034180.1,19554653,NC_034180.1_19554653,assortative,TRUE
253103:134:-,NC_034180.1,37068263,NC_034180.1_37068263,disassortative,TRUE
253182:19:+,NC_034180.1,37215572,NC_034180.1_37215572,disassortative,TRUE
272424:92:+,NC_034181.1,25842590,NC_034181.1_25842590,assortative,TRUE
296877:14:-,NC_034182.1,5474048,NC_034182.1_5474048,disassortative,TRUE
305723:128:-,NC_034182.1,21973525,NC_034182.1_21973525,disassortative,TRUE
308010:128:+,NC_034182.1,26353847,NC_034182.1_26353847,disassortative,TRUE
309921:124:-,NC_034182.1,29979255,NC_034182.1_29979255,assortative,FALSE
311249:101:-,NC_034182.1,33048908,NC_034182.1_33048908,assortative,TRUE
317785:170:+,NC_034183.1,12793452,NC_034183.1_12793452,assortative,TRUE
328434:55:+,NC_034183.1,30781395,NC_034183.1_30781395,disassortative,TRUE
332745:57:+,NC_034183.1,38040129,NC_034183.1_38040129,disassortative,TRUE
337360:24:-,NC_034183.1,45861123,NC_034183.1_45861123,assortative,TRUE
339214:106:+,NC_034183.1,49350383,NC_034183.1_49350383,disassortative,FALSE
339625:70:-,NC_034183.1,49993116,NC_034183.1_49993116,disassortative,TRUE
342104:29:-,NC_034183.1,54990576,NC_034183.1_54990576,disassortative,FALSE
355669:116:+,NC_034184.1,18536691,NC_034184.1_18536691,assortative,TRUE
373932:132:-,NC_034184.1,49776373,NC_034184.1_49776373,disassortative,TRUE
397495:19:+,NC_034185.1,18717745,NC_034185.1_18717745,assortative,TRUE
398423:136:+,NC_034185.1,20154775,NC_034185.1_20154775,assortative,TRUE
400462:66:-,NC_034185.1,24068961,NC_034185.1_24068961,assortative,TRUE
402428:151:+,NC_034185.1,27344439,NC_034185.1_27344439,assortative,FALSE
404523:89:-,NC_034185.1,30888013,NC_034185.1_30888013,disassortative,TRUE
408039:46:+,NC_034185.1,37386657,NC_034185.1_37386657,assortative,FALSE
408120:97:+,NC_034185.1,37552504,NC_034185.1_37552504,assortative,TRUE
408470:12:+,NC_034185.1,38367263,NC_034185.1_38367263,assortative,TRUE
411061:67:-,NC_034185.1,43278733,NC_034185.1_43278733,assortative,TRUE
412476:90:+,NC_034185.1,45539719,NC_034185.1_45539719,assortative,TRUE
416192:119:-,NC_034186.1,3957836,NC_034186.1_3957836,disassortative,TRUE
418286:32:-,NC_034186.1,8428207,NC_034186.1_8428207,assortative,FALSE
421409:17:-,NC_034186.1,14600775,NC_034186.1_14600775,assortative,TRUE
421452:69:+,NC_034186.1,14674008,NC_034186.1_14674008,disassortative,TRUE
425150:120:-,NC_034186.1,21744995,NC_034186.1_21744995,assortative,TRUE
440923:69:+,NC_034186.1,48019972,NC_034186.1_48019972,assortative,TRUE
452112:121:-,NC_034187.1,9680217,NC_034187.1_9680217,assortative,TRUE
470168:35:+,NC_034187.1,42409758,NC_034187.1_42409758,disassortative,TRUE
470433:30:-,NC_034187.1,42890452,NC_034187.1_42890452,assortative,TRUE
471160:73:-,NC_034187.1,44099438,NC_034187.1_44099438,assortative,TRUE
473912:51:-,NC_034187.1,48497807,NC_034187.1_48497807,assortative,FALSE
486898:83:+,NC_034188.1,6275929,NC_034188.1_6275929,assortative,FALSE
487595:59:+,NC_034188.1,7839821,NC_034188.1_7839821,disassortative,TRUE
489890:174:-,NC_034188.1,13338684,NC_034188.1_13338684,disassortative,FALSE
499552:113:-,NC_034188.1,30368453,NC_034188.1_30368453,assortative,TRUE
502382:60:+,NC_034188.1,35015434,NC_034188.1_35015434,assortative,TRUE
504587:29:-,NC_034188.1,38943410,NC_034188.1_38943410,assortative,TRUE
508837:109:+,NC_034188.1,46913106,NC_034188.1_46913106,assortative,TRUE
517321:175:+,NC_034188.1,65107127,NC_034188.1_65107127,assortative,TRUE
519853:116:+,NC_034189.1,4127763,NC_034189.1_4127763,assortative,FALSE
531002:75:-,NC_034189.1,26405045,NC_034189.1_26405045,assortative,TRUE
536296:12:-,NC_034190.1,4885202,NC_034190.1_4885202,assortative,TRUE
550644:217:+,NC_034190.1,32891933,NC_034190.1_32891933,assortative,TRUE
552373:88:-,NC_034190.1,36108688,NC_034190.1_36108688,assortative,TRUE
558324:11:+,NC_034190.1,45927015,NC_034190.1_45927015,assortative,TRUE
558348:37:-,NC_034190.1,45956996,NC_034190.1_45956996,assortative,TRUE
565642:46:+,NC_034190.1,59072113,NC_034190.1_59072113,assortative,TRUE
570139:38:-,NC_034190.1,67551578,NC_034190.1_67551578,assortative,TRUE
589818:114:+,NC_034191.1,34025114,NC_034191.1_34025114,assortative,TRUE
590468:87:-,NC_034191.1,35018090,NC_034191.1_35018090,assortative,FALSE
590858:92:-,NC_034191.1,35658777,NC_034191.1_35658777,assortative,FALSE
600439:75:-,NC_034191.1,52984592,NC_034191.1_52984592,assortative,TRUE
601947:118:-,NC_034191.1,55630977,NC_034191.1_55630977,assortative,TRUE
602561:102:-,NC_034191.1,56959757,NC_034191.1_56959757,disassortative,TRUE
604060:141:+,NC_034191.1,60579923,NC_034191.1_60579923,assortative,TRUE
604520:46:-,NC_034191.1,61653591,NC_034191.1_61653591,assortative,TRUE
606750:21:-,NC_034192.1,2120443,NC_034192.1_2120443,disassortative,FALSE
610598:31:+,NC_034192.1,10394426,NC_034192.1_10394426,assortative,TRUE
610732:71:+,NC_034192.1,10606050,NC_034192.1_10606050,assortative,TRUE
614979:209:+,NC_034192.1,17973095,NC_034192.1_17973095,disassortative,TRUE
617409:132:+,NC_034192.1,22022811,NC_034192.1_22022811,assortative,TRUE
630715:135:+,NC_034192.1,47452762,NC_034192.1_47452762,assortative,TRUE
639925:49:-,NC_034193.1,15897703,NC_034193.1_15897703,assortative,FALSE
641807:84:+,NC_034193.1,18825127,NC_034193.1_18825127,disassortative,FALSE
642631:9:+,NC_034193.1,20216218,NC_034193.1_20216218,assortative,TRUE
651081:96:+,NC_034193.1,35109532,NC_034193.1_35109532,assortative,FALSE
654807:131:-,NC_034194.1,2118934,NC_034194.1_2118934,disassortative,FALSE
656005:115:+,NC_034194.1,4251193,NC_034194.1_4251193,disassortative,TRUE
679314:39:-,NC_034195.1,14138509,NC_034195.1_14138509,assortative,TRUE
683903:99:-,NC_034195.1,21871439,NC_034195.1_21871439,assortative,FALSE
684706:91:-,NC_034195.1,23197717,NC_034195.1_23197717,disassortative,TRUE
689268:59:+,NC_034195.1,31199292,NC_034195.1_31199292,disassortative,TRUE
693224:10:+,NC_034195.1,38331869,NC_034195.1_38331869,assortative,TRUE
693826:44:+,NC_034195.1,39474437,NC_034195.1_39474437,assortative,FALSE
695289:104:+,NC_034195.1,41974990,NC_034195.1_41974990,assortative,TRUE
700114:101:+,NC_034195.1,53353253,NC_034195.1_53353253,assortative,TRUE
701174:132:-,NC_034196.1,754122,NC_034196.1_754122,disassortative,TRUE
714338:78:-,NC_034196.1,29403984,NC_034196.1_29403984,assortative,TRUE
722652:23:-,NC_034197.1,1681631,NC_034197.1_1681631,disassortative,TRUE
741494:133:+,NC_034197.1,37723569,NC_034197.1_37723569,assortative,TRUE
743345:99:+,NC_034198.1,2348845,NC_034198.1_2348845,assortative,TRUE
744622:17:-,NC_034198.1,4412510,NC_034198.1_4412510,disassortative,TRUE
751498:15:-,NC_034198.1,16142147,NC_034198.1_16142147,assortative,FALSE
765426:168:+,NC_034199.1,10680030,NC_034199.1_10680030,disassortative,TRUE
767930:32:-,NC_034199.1,14764232,NC_034199.1_14764232,assortative,TRUE
771349:43:-,NC_034199.1,20531333,NC_034199.1_20531333,assortative,TRUE
773196:71:-,NC_034199.1,24305484,NC_034199.1_24305484,assortative,TRUE
773699:58:-,NC_034199.1,25126902,NC_034199.1_25126902,assortative,TRUE
774929:117:-,NC_034199.1,27195542,NC_034199.1_27195542,assortative,FALSE
779776:115:-,NC_034199.1,37405457,NC_034199.1_37405457,disassortative,TRUE
787863:13:-,NC_034200.1,10097601,NC_034200.1_10097601,disassortative,TRUE
790243:86:+,NC_034200.1,14320895,NC_034200.1_14320895,assortative,TRUE
800937:50:+,NC_034200.1,36001677,NC_034200.1_36001677,assortative,TRUE
804379:36:-,NC_034201.1,7792094,NC_034201.1_7792094,assortative,TRUE
806650:40:+,NC_034201.1,12154738,NC_034201.1_12154738,assortative,FALSE
818544:133:-,NC_034201.1,33282451,NC_034201.1_33282451,disassortative,TRUE
825846:43:+,NC_034201.1,45265472,NC_034201.1_45265472,assortative,FALSE
834545:51:-,NC_034202.1,14502804,NC_034202.1_14502804,assortative,TRUE
838148:66:-,NC_034202.1,20926986,NC_034202.1_20926986,disassortative,TRUE
839327:8:-,NC_034202.1,22768735,NC_034202.1_22768735,disassortative,TRUE
847944:96:-,NC_034203.1,1646688,NC_034203.1_1646688,assortative,FALSE
848201:54:+,NC_034203.1,2051188,NC_034203.1_2051188,disassortative,TRUE
849465:54:-,NC_034203.1,4073447,NC_034203.1_4073447,assortative,TRUE
869380:73:+,NW_018086965.1,710964,NW_018086965.1_710964,assortative,TRUE
882534:25:-,NW_018087003.1,78354,NW_018087003.1_78354,assortative,FALSE
887040:28:+,NW_018087057.1,91573,NW_018087057.1_91573,disassortative,FALSE
897087:36:+,NW_018087569.1,6764,NW_018087569.1_6764,assortative,FALSE
919575:84:+,NW_018089388.1,89894,NW_018089388.1_89894,assortative,FALSE
929800:39:-,NW_018089561.1,5619,NW_018089561.1_5619,assortative,TRUE
942978:16:-,NW_018089827.1,60336,NW_018089827.1_60336,assortative,FALSE
942984:98:-,NW_018089827.1,70745,NW_018089827.1_70745,assortative,FALSE
948994:39:+,NW_018090044.1,228091,NW_018090044.1_228091,assortative,TRUE
956150:123:-,NW_018090214.1,349232,NW_018090214.1_349232,assortative,TRUE
957214:118:+,NW_018090237.1,6227,NW_018090237.1_6227,assortative,TRUE
965750:110:+,NW_018090405.1,59423,NW_018090405.1_59423,disassortative,FALSE
983163:108:-,NW_018090923.1,120754,NW_018090923.1_120754,disassortative,TRUE
993500:131:+,NW_018091274.1,193639,NW_018091274.1_193639,disassortative,TRUE
994636:115:+,NW_018091316.1,289731,NW_018091316.1_289731,disassortative,TRUE
